{"cameraMode":{"drawMode":0,"name":"Shaded","section":"Shading Mode"},"sceneLighting":false,"audioPlay":false,"sceneViewState":{"m_AlwaysRefresh":false,"showFog":false,"showSkybox":false,"showFlares":false,"showImageEffects":false,"showParticleSystems":false,"showVisualEffectGraphs":true,"m_FxEnabled":true},"in2DMode":false,"pivot":{"x":5.960464477539063e-8,"y":0.9509748220443726,"z":0.004471272230148315},"rotation":{"x":0.04024342820048332,"y":0.9067665338516235,"z":-0.08897724747657776,"w":0.4101707637310028},"size":1.3059316873550416,"orthographic":false}