{"cameraMode":{"drawMode":0,"name":"Shaded","section":"Shading Mode"},"sceneLighting":true,"audioPlay":false,"sceneViewState":{"showFog":true,"showMaterialUpdate":false,"showSkybox":true,"showFlares":true,"showImageEffects":true,"showParticleSystems":true},"in2DMode":false,"pivot":{"x":-7.74704647064209,"y":-5.0049309730529789,"z":-1.3531523942947388},"rotation":{"x":-0.14777034521102906,"y":0.7163599729537964,"z":-0.15967127680778504,"w":-0.6629529595375061},"size":8.477005004882813,"orthographic":false}